Date,date,country,city,name
March 16,2025-03-16T12:00:00.000Z,Australia,Melbourne,Louis Vitton Australian Grand Prix
March 23,2025-03-23T12:00:00.000Z,China,China,Heineken Chinese Grand Prix
April 6,2025-04-06T12:00:00.000Z,Japan,Suzuka,Lenovo Japanese Grand Prix
April 13,2025-04-13T12:00:00.000Z,Bahrain,Bahrain,Gulf Air Bahrain Grand Prix
April 20,2025-04-20T12:00:00.000Z,Saudi Arabia,Jedah,Saudi Arabian Grand Prix
May 4,2025-05-04T12:00:00.000Z,United States,Miami,crypto.com Miami Grand Prix
May 18,2025-05-18T12:00:00.000Z,Italy,Emilia-Romagna,AWS Gran Premio Del Made In Italy E Dell’Emilia-Romagna 
May 25,2025-05-25T12:00:00.000Z,Monaco,Monaco,Tag Huer Grand Prix De Monaco
June 1,2025-06-01T12:00:00.000Z,Span,Barcelona,Gran Premio De Espana
June 15,2025-06-15T12:00:00.000Z,Canada,Montreal,Grand Prix Du Canada
June 29,2025-06-29T12:00:00.000Z,Austria,Austria,MSC Cruises Austrian Grand Prix
July 6,2025-07-06T12:00:00.000Z,Great Britain,Silverstone,Qatar Airways Austrian Grand Prix
July 27,2025-07-27T12:00:00.000Z,Belgium,Spa,Moet & Chandon Belgian Grand Prix
August 3,2025-08-03T12:00:00.000Z,Hungary,Hungary,Hungarian Grand Prix
August 31,2025-08-31T12:00:00.000Z,Netherlands,Zandavort,Heineken Dutch Grand Prix
September 7,2025-09-07T12:00:00.000Z,Italy,Monza,Pirelli Gran Premio D’Italia
September 21,2025-09-21T12:00:00.000Z,Azerbaijan,Baku,Pirelli Gran Premio D'Italia
October 5,2025-10-05T12:00:00.000Z,Singapore,Singapore,Singapore Airlines Singapore Grand Prix
October 19,2025-10-19T12:00:00.000Z,United States,Austin,MSC Cruises United States Grand Prix
October 26,2025-10-26T12:00:00.000Z,Mexico,Mexico City,Gran Premio De La Ciudad De Mexico
November 9,2025-11-09T12:00:00.000Z,Brazil,Sao Paulo,MSC Cruises Grande Premio De Sao Paulo
November 22,2025-11-22T12:00:00.000Z,United States,Las Vegas,Heinken Silver Las Vegas Grand Prix
November 30,2025-11-30T12:00:00.000Z,Qatar,Lusail,Qatar Airways Qatar Grand Prix
December 7,2025-12-07T12:00:00.000Z,Abu Dhabi,Yas Marina,Etihad Airways Abu Dhabi Grand Prix